-- Inserting data --
INSERT INTO department (id, department_name) VALUES
    (1, "Finance"),
    (2, "Account"),
    (3, "Marketing"),
    (4, "Administration"),
    (5, "IT"),
    (6, "Maintenance"),
    (7, "Human Resource"),
    (8, "Sales"),
    (9, "Reseach and Development");

INSERT INTO role(id, title, salary, department_id) VALUES
    (1, "Administrative Officer", "65,500.00", 4),
    (2, "Manager", "120,000.50", NULL),
    (3, "Receptionist"," 62,500.50", 4),
    (4, "Accountant", "74,500.50", 2),
    (5, "Customer Service", "68,400", 8),
    (6, "Payroll Clerk", "69,800.50", 1),
    (7, "IT Support", "75,000.50", 5),
    (8, "Marketing Analyst", "80,300.50", 3),
    (9, "Sales Consultant", "80,000.50", 8),
    (10, "Sales Rep", "69,000", 8),
    (11, "Talent Acquisition", "85,000.25", 7),
    (12, "HR Specialist", "74,000", 7),
    (13, "Houseman", "64,000.50", 6),
    (14, "Chief Engineer", "87,500.50", 6),
    (15, "Senior IT Chief", "77,000", 5),
    (16, "Marketing Assistant", "66,000", 3),
    (17, "Product Designer", "72,500.50", 9),
    (18, "Financial Analyst", "79,500.50", 1),
    (19, "Director", "150,500.50", NULL);

INSERT INTO employee(id, first_name, last_name, role_id, manager_id) VALUES
    (1, "Diane", "Murphe", 2, 29),
    (2, "Mary", "Patterson", 1, 1),
    (3, "Jeff", "Firrelli", 10, 8),
    (4, "William", "Patterson", 5, 8),
    (5, "Gerard", "Bondur", 4, 1),
    (6, "Leslie", "Jennings", 7, 20),
    (7, "Foon Yue", "Tseng", 6, 19),
    (8, "Gerard", "Hernandez", 9, 1), 
    (9, "Peter", "Marsh", 8, 1), 
    (10, "Yoshimi", "Kato", 3, 1), 
    (11, "Tom", "King", 11, 1), 
    (12, "Gerard", "Martin", 7, 20),
    (13, "Barry", "Jones", 13, 17), 
    (14, "Pamela", "Castillo", 18, 1),
    (15, "Julie", "Firrelli", 12, 11), 
    (16, "Leslie", "Thompson", 16, 9), 
    (17, "Anthony", "Bow", 14, 1), 
    (18, "Barry", "Bott", 16, 9),
    (19, "George", "Vanauf", 17, 1),
    (20, "Keith", "Franco", 15, 1),
    (21, "Marie", "Veysel", 5, 8), 
    (22, "Isabel", "de Castro", 10, 8),
    (23, "Susan", "Nelson", 16, 9),
    (24, "Peter", "Ferguson", 9, 1),
    (25, "Martine", "Marsh", 6, 19),
    (26, "Julie", "King", 5, 8),
    (27, "Elis", "Marsh", 12, 11),
    (28, "Michael", "Frick", 3, 1),
    (29, "Susan", "King", 19, NULL),
    (30,"Kelvin", "Leong", 1, 1);